{"eval d4rl score": 76.53867530256775, "_timestamp": 1714005960.966008, "_runtime": 1458.4421770572662, "_step": 0, "_wandb": {"runtime": 1452}}