{"eval d4rl score": 84.62410452298774, "_timestamp": 1714334386.2464192, "_runtime": 1598.0192942619324, "_step": 0, "_wandb": {"runtime": 1595}}