{"eval d4rl score": 73.11463129899224, "_timestamp": 1714004156.2660618, "_runtime": 1382.943410873413, "_step": 0, "_wandb": {"runtime": 1381}}